,bps,clean_sheets,element_type,now_cost,own_goals,penalties_missed,penalties_saved,points_per_game,red_cards,saves,selected_by_percent,total_points,yellow_cards,Player,PID,Team,Apps,Minutes,Goals,Assists,xG,xA,xG90,xA90
0,46,0,1,55,0,0,0,2.0,0,9,5.4,6,0,Petr Cech,79,Arsenal,3,270,0,0,0.0,0.0,0.0,0.0
1,25,0,2,60,0,0,0,0.0,0,0,0.7,0,0,Laurent Koscielny,81,Arsenal,1,90,0,0,0.0,0.0,0.0,0.0
2,27,0,2,60,0,0,0,1.0,0,0,11.4,3,0,Héctor Bellerín,80,Arsenal,3,270,0,0,0.41,0.04,0.14,0.01
3,60,0,2,54,0,0,0,1.0,0,0,3.8,3,0,Nacho Monreal,82,Arsenal,3,270,0,0,0.0,0.05,0.0,0.02
4,30,0,2,49,0,0,0,0.0,0,0,1.4,0,1,Rob Holding,289,Arsenal,2,159,0,0,0.11,0.0,0.06,0.0
5,15,0,2,54,0,0,0,2.0,0,0,1.5,2,0,Shkodran Mustafi,274,Arsenal,1,90,0,0,0.01,0.08,0.01,0.08
6,46,0,2,60,0,0,0,3.5,0,0,11.1,7,0,Sead Kolasinac,63,Arsenal,2,158,0,1,0.06,0.55,0.03,0.31
7,10,0,3,119,0,0,0,2.0,0,0,2.4,2,0,Alexis Sánchez,85,Arsenal,1,64,0,0,0.01,0.12,0.02,0.16
8,3,0,3,73,0,0,0,1.0,0,0,1.4,2,0,Theo Walcott,88,Arsenal,2,22,0,0,0.0,0.0,0.0,0.0
9,47,0,3,95,0,0,0,1.7,0,0,2.3,5,1,Mesut Özil,86,Arsenal,3,270,0,0,0.26,1.18,0.09,0.39
10,39,0,3,70,0,0,0,3.0,0,0,3.1,9,0,Aaron Ramsey,21,Arsenal,3,159,1,0,1.09,0.02,0.62,0.01
11,6,0,3,45,0,0,0,1.0,0,0,0.8,1,0,Francis Coquelin,84,Arsenal,1,42,0,0,0.0,0.0,0.0,0.0
12,5,0,3,53,0,0,0,1.0,0,0,1.2,1,0,Alex Iwobi,87,Arsenal,1,9,0,0,0.0,0.0,0.0,0.0
13,21,0,3,45,0,0,0,5.0,0,0,3.8,5,0,Mohamed Elneny,83,Arsenal,1,69,0,1,0.01,0.05,0.02,0.07
14,57,0,3,56,0,0,0,4.3,0,0,15.5,13,1,Granit Xhaka,55,Arsenal,3,261,0,2,0.12,0.28,0.04,0.1
15,37,0,4,84,0,0,0,2.3,0,0,1.8,7,0,Olivier Giroud,20,Arsenal,3,69,1,0,0.23,0.26,0.3,0.34
16,37,0,4,75,0,0,0,3.0,0,0,1.2,9,1,Danny Welbeck,19,Arsenal,3,257,1,0,1.64,0.38,0.57,0.13
17,47,0,4,105,0,0,0,3.0,0,0,14.3,9,0,Alexandre Lacazette,47,Arsenal,3,197,1,0,0.27,0.54,0.12,0.25
18,60,0,1,45,0,0,0,2.7,0,16,5.2,8,0,Asmir Begovic,162,Bournemouth,3,270,0,0,0.0,0.0,0.0,0.0
19,16,0,2,44,0,0,0,2.0,0,0,1.5,2,0,Simon Francis,67,Bournemouth,1,81,0,0,0.0,0.0,0.0,0.0
20,46,0,2,50,0,0,0,3.3,0,0,14.1,10,0,Charlie Daniels,17,Bournemouth,3,270,1,0,0.05,0.0,0.02,0.0
21,11,0,2,45,0,0,0,0.0,0,0,0.4,0,1,Tyrone Mings,251,Bournemouth,1,90,0,0,0.0,0.0,0.0,0.0
22,44,0,2,50,0,0,0,1.3,0,0,6.4,4,1,Nathan Aké,121,Bournemouth,3,270,0,0,0.05,0.0,0.02,0.0
23,33,0,3,50,0,0,0,1.3,0,0,0.7,4,2,Harry Arter,232,Bournemouth,3,270,0,0,0.08,0.11,0.03,0.04
24,8,0,3,49,0,0,0,1.0,0,0,0.1,2,0,Marc Pugh,73,Bournemouth,2,74,0,0,0.0,0.03,0.0,0.03
25,36,0,3,45,0,0,0,2.0,0,0,0.9,6,0,Andrew Surman,69,Bournemouth,3,270,0,0,0.03,0.16,0.01,0.05
26,9,0,3,49,0,0,0,2.0,0,0,0.1,2,0,Dan Gosling,71,Bournemouth,1,90,0,0,0.0,0.0,0.0,0.0
27,6,0,3,49,0,0,0,1.0,0,0,0.4,2,0,Jordon Ibe,75,Bournemouth,2,106,0,0,0.02,0.03,0.01,0.03
28,19,0,3,54,0,0,0,2.0,0,0,1.0,4,0,Ryan Fraser,270,Bournemouth,2,171,0,0,0.09,0.06,0.05,0.03
29,13,0,4,59,0,0,0,1.3,0,0,0.4,4,0,Benik Afobe,212,Bournemouth,3,142,0,0,0.2,0.07,0.13,0.05
30,5,0,4,50,0,0,0,1.0,0,0,0.1,2,0,Lys Mousset,288,Bournemouth,2,10,0,0,0.0,0.0,0.0,0.0
31,14,0,4,74,0,0,0,2.0,0,0,3.2,6,0,Joshua King,72,Bournemouth,3,270,0,0,0.44,0.02,0.15,0.01
32,12,0,4,79,0,0,0,1.3,0,0,2.9,4,0,Jermain Defoe,178,Bournemouth,3,128,0,0,0.14,0.1,0.1,0.07
33,46,1,2,45,1,0,0,2.0,0,0,1.4,6,0,Lewis Dunk,336,Brighton,3,270,0,0,0.56,0.03,0.19,0.01
34,58,1,2,45,0,0,0,3.7,0,0,0.4,11,0,Shane Duffy,335,Brighton,3,270,0,0,0.06,0.12,0.02,0.04
35,5,0,2,40,0,0,0,1.0,0,0,2.7,1,0,Liam Rosenior,309,Brighton,1,41,0,0,0.0,0.0,0.0,0.0
36,18,1,3,59,0,0,0,1.7,0,0,1.3,5,0,Anthony Knockaert,312,Brighton,3,122,0,0,0.17,0.04,0.13,0.03
37,27,1,3,45,0,0,0,2.3,0,0,0.6,7,0,Dale Stephens,339,Brighton,3,270,0,0,0.0,0.06,0.0,0.02
38,22,0,3,50,0,0,0,1.7,0,0,0.1,5,0,Jamie Murphy,340,Brighton,3,158,0,0,0.06,0.01,0.03,0.01
39,18,1,3,54,0,0,0,2.3,0,0,0.5,7,0,Pascal Groß,56,Brighton,3,244,0,0,0.07,0.19,0.02,0.07
40,2,0,4,58,0,0,0,1.5,0,0,0.3,3,0,Glenn Murray,233,Brighton,2,95,0,0,0.0,0.06,0.0,0.06
41,3,1,4,49,0,0,0,1.3,0,0,0.2,4,0,Tomer Hemed,305,Brighton,3,175,0,0,0.25,0.0,0.13,0.0
42,44,0,1,50,0,0,0,2.3,0,8,7.6,7,0,Tom Heaton,255,Burnley,3,270,0,0,0.0,0.0,0.0,0.0
43,47,0,2,45,0,0,0,2.7,0,0,1.1,8,0,Matthew Lowton,256,Burnley,3,270,0,1,0.01,0.07,0.0,0.02
44,39,0,2,45,0,0,0,1.3,0,0,8.4,4,1,Ben Mee,258,Burnley,3,270,0,0,0.67,0.07,0.22,0.02
45,48,0,2,45,0,0,0,3.7,0,0,4.3,11,0,Stephen Ward,39,Burnley,3,270,1,0,0.12,0.14,0.04,0.05
46,46,0,2,45,0,0,0,1.7,0,0,0.1,5,0,James Tarkowski,263,Burnley,3,270,0,0,0.19,0.0,0.06,0.0
47,14,0,3,49,0,0,0,1.0,0,0,0.1,2,1,Scott Arfield,260,Burnley,2,102,0,0,0.04,0.02,0.04,0.02
48,22,0,3,50,0,0,0,1.7,0,0,0.1,5,0,Johann Berg Gudmundsson,262,Burnley,3,216,0,0,0.1,0.09,0.04,0.04
49,55,0,3,55,0,0,0,3.0,0,0,0.5,9,0,Steven Defour,259,Burnley,3,250,0,1,0.01,0.22,0.0,0.08
50,15,0,3,55,0,0,0,2.0,0,0,0.1,4,0,Jeff Hendrick,287,Burnley,2,180,0,0,0.22,0.22,0.11,0.11
51,48,0,3,55,0,0,0,3.7,0,0,0.8,11,1,Robbie Brady,201,Burnley,3,259,0,1,0.5,0.98,0.18,0.34
52,4,0,3,45,0,0,0,1.0,0,0,0.1,1,0,Ashley Westwood,157,Burnley,1,8,0,0,0.0,0.05,0.0,0.56
53,0,0,3,54,0,0,0,1.0,0,0,0.4,2,0,Jonathan Walters,228,Burnley,2,23,0,0,0.18,0.0,0.7,0.0
54,50,0,3,45,0,0,0,3.0,0,0,3.1,9,0,Jack Cork,172,Burnley,3,270,0,1,0.02,0.1,0.01,0.03
55,60,0,4,60,0,0,0,5.3,0,0,6.2,16,0,Sam Vokes,13,Burnley,3,238,2,0,0.32,0.05,0.12,0.02
56,6,2,4,65,0,0,0,2.3,0,0,1.9,7,1,Andre Gray,261,Watford,3,199,0,0,0.59,0.0,0.26,0.0
57,2,0,4,54,0,0,0,0.5,0,0,0.5,1,1,Ashley Barnes,306,Burnley,2,42,0,0,0.14,0.0,0.3,0.0
58,57,1,1,55,0,0,0,4.3,0,8,14.8,13,0,Thibaut Courtois,158,Chelsea,3,270,0,0,0.0,0.0,0.0,0.0
59,66,1,2,65,0,0,0,4.0,0,0,9.4,12,1,César Azpilicueta,159,Chelsea,3,270,0,1,0.03,0.72,0.01,0.24
60,-7,0,2,64,0,0,0,-3.0,1,0,4.7,-3,0,Gary Cahill,164,Chelsea,1,13,0,0,0.0,0.0,0.0,0.0
61,57,1,2,55,0,0,0,3.7,0,0,3.3,11,0,Kurt Zouma,242,Stoke,3,270,0,0,0.08,0.0,0.03,0.0
62,85,1,2,71,0,0,0,7.3,0,0,19.8,22,2,Marcos Alonso,12,Chelsea,3,270,2,0,0.35,0.09,0.12,0.03
63,29,1,2,65,0,0,0,3.5,0,0,0.9,7,1,Victor Moses,105,Chelsea,2,180,0,0,0.18,0.12,0.09,0.06
64,44,1,2,60,0,0,0,2.3,0,0,2.3,7,2,Antonio Rüdiger,293,Chelsea,3,270,0,0,0.03,0.0,0.01,0.0
65,43,1,3,69,0,0,0,5.0,1,0,4.8,10,0,Cesc Fàbregas,29,Chelsea,2,174,1,0,0.1,0.29,0.05,0.15
66,54,3,3,50,0,0,0,3.0,0,0,16.5,9,0,Nemanja Matic,163,Manchester United,3,270,0,0,0.03,0.0,0.01,0.0
67,38,0,3,45,0,0,0,2.0,0,0,9.3,4,0,Ruben Loftus-Cheek,161,Crystal Palace,2,180,0,0,0.05,0.59,0.03,0.29
68,48,1,3,50,0,0,0,2.3,0,0,16.0,7,0,N'Golo Kanté,187,Chelsea,3,270,0,0,0.1,0.12,0.03,0.04
69,19,2,3,45,0,0,0,2.3,0,0,2.5,7,1,Nathaniel Chalobah,266,Watford,3,270,0,0,0.57,0.0,0.19,0.0
70,1,0,4,82,1,0,0,0.3,0,0,0.7,1,0,Michy Batshuayi,267,Chelsea,3,80,0,0,0.15,0.0,0.17,0.0
71,66,0,1,45,0,0,0,4.0,0,17,1.7,12,0,Wayne Hennessey,89,Crystal Palace,3,270,0,0,0.0,0.0,0.0,0.0
72,16,0,2,45,0,0,0,1.3,0,0,1.1,4,0,James Tomkins,99,Crystal Palace,3,140,0,0,0.21,0.0,0.14,0.0
73,46,0,2,50,0,0,0,1.3,0,0,1.0,4,0,Scott Dann,91,Crystal Palace,3,270,0,0,0.16,0.03,0.05,0.01
74,36,0,2,49,1,0,0,0.3,0,0,0.4,1,1,Joel Ward,90,Crystal Palace,3,270,0,0,0.0,0.04,0.0,0.01
75,5,0,2,44,0,0,0,0.0,0,0,0.2,0,0,Martin Kelly,95,Crystal Palace,1,50,0,0,0.12,0.0,0.22,0.0
76,4,0,2,49,0,0,0,1.0,0,0,0.3,1,0,Jeffrey Schlupp,189,Crystal Palace,1,5,0,0,0.0,0.0,0.0,0.0
77,32,0,2,54,0,0,0,1.0,0,0,2.9,3,1,Patrick van Aanholt,177,Crystal Palace,3,224,0,0,0.13,0.27,0.05,0.11
78,13,0,3,49,0,0,0,1.0,0,0,1.0,3,3,Jason Puncheon,92,Crystal Palace,3,255,0,0,0.18,0.26,0.06,0.09
79,-1,0,3,69,0,0,0,2.0,0,0,5.1,2,0,Wilfried Zaha,94,Crystal Palace,1,90,0,0,0.38,0.04,0.38,0.04
80,9,0,3,45,0,0,0,1.5,0,0,3.4,3,0,James McArthur,143,Crystal Palace,2,105,0,0,0.29,0.01,0.25,0.01
81,2,0,3,55,0,0,0,0.0,0,0,0.4,0,1,Yohan Cabaye,93,Crystal Palace,1,29,0,0,0.08,0.08,0.24,0.26
82,23,0,3,59,0,0,0,1.7,0,0,1.8,5,0,Andros Townsend,199,Crystal Palace,3,222,0,0,0.16,0.15,0.07,0.06
83,25,0,3,49,0,0,0,1.3,0,0,0.9,4,0,Luka Milivojevic,318,Crystal Palace,3,187,0,0,0.04,0.1,0.02,0.05
84,-14,0,4,79,0,0,0,1.3,0,0,5.7,4,2,Christian Benteke,133,Crystal Palace,3,270,0,0,0.68,0.19,0.23,0.06
85,65,1,1,50,0,0,0,4.0,0,11,10.3,12,0,Jordan Pickford,180,Everton,3,270,0,0,0.0,0.0,0.0,0.0
86,34,1,2,60,0,0,0,3.0,0,0,9.6,9,0,Leighton Baines,125,Everton,3,270,0,0,0.0,0.04,0.0,0.01
87,58,1,2,50,0,0,0,3.3,0,0,7.5,10,0,Phil Jagielka,124,Everton,3,265,0,0,0.0,0.0,0.0,0.0
88,49,1,2,55,0,0,0,3.3,0,0,4.3,10,0,Ashley Williams,170,Everton,3,200,0,0,0.15,0.0,0.07,0.0
89,18,0,2,44,0,0,0,1.5,0,0,1.2,3,0,Mason Holgate,247,Everton,2,180,0,0,0.0,0.04,0.0,0.02
90,62,1,2,55,0,0,0,3.7,0,0,13.7,11,0,Michael Keane,257,Everton,3,270,0,0,0.0,0.0,0.0,0.0
91,6,0,3,64,0,0,0,1.0,0,0,1.9,1,0,Kevin Mirallas,128,Everton,1,12,0,0,0.0,0.0,0.0,0.0
92,30,1,3,45,0,0,0,2.5,0,0,1.7,5,0,Gareth Barry,126,West Bromwich Albion,2,180,0,0,0.0,0.0,0.0,0.0
93,10,0,3,45,0,0,0,1.0,0,0,0.2,2,0,Muhamed Besic,241,Everton,2,43,0,0,0.0,0.06,0.0,0.13
94,4,0,3,55,0,0,0,1.0,0,0,0.1,1,0,Aaron Lennon,127,Everton,1,5,0,0,0.07,0.04,1.24,0.65
95,16,1,3,50,0,0,0,1.0,1,0,0.9,2,0,Morgan Schneiderlin,110,Everton,2,180,0,0,0.0,0.0,0.0,0.0
96,40,1,3,50,0,0,0,2.0,0,0,1.3,6,1,Idrissa Gueye,156,Everton,3,270,0,0,0.08,0.0,0.03,0.0
97,14,1,3,54,0,0,0,1.3,0,0,0.7,4,1,Tom Davies,252,Everton,3,140,0,0,0.02,0.0,0.01,0.0
98,7,0,3,74,0,0,0,1.0,0,0,0.8,2,0,Davy Klaassen,333,Everton,2,88,0,0,0.04,0.02,0.04,0.02
99,36,1,4,50,0,0,0,3.7,0,0,1.9,11,0,Dominic Calvert-Lewin,321,Everton,3,205,0,2,0.31,0.84,0.14,0.37
100,67,1,4,76,0,0,0,6.0,0,0,20.5,18,2,Wayne Rooney,7,Everton,3,270,2,0,0.79,0.38,0.26,0.13
101,88,3,1,45,0,0,0,7.7,0,11,6.8,23,0,Jonas Lössl,302,Huddersfield,3,270,0,0,0.0,0.0,0.0,0.0
102,85,3,2,45,0,0,0,7.0,0,0,3.6,21,0,Christopher Schindler,326,Huddersfield,3,270,0,0,0.0,0.86,0.0,0.29
103,72,3,2,45,0,0,0,6.0,0,0,1.2,18,0,Chris Löwe,327,Huddersfield,3,270,0,0,0.01,0.0,0.0,0.0
104,50,2,2,50,0,0,0,4.7,0,0,0.5,14,1,Tommy Smith,324,Huddersfield,3,239,0,0,0.01,0.23,0.01,0.09
105,4,0,2,44,0,0,0,1.0,0,0,0.1,1,0,Michael Hefele,332,Huddersfield,1,1,0,0,0.0,0.0,0.0,0.0
106,73,3,3,57,0,0,0,6.3,0,0,11.7,19,0,Aaron Mooy,52,Huddersfield,3,270,1,1,0.12,0.56,0.04,0.19
107,7,1,3,50,0,0,0,1.7,0,0,0.1,5,0,Rajiv van La Parra,330,Huddersfield,3,129,0,0,0.11,0.12,0.08,0.08
108,34,3,3,45,0,0,0,2.7,0,0,0.6,8,1,Philip Billing,328,Huddersfield,3,242,0,0,0.02,0.57,0.01,0.21
109,36,3,3,60,0,0,0,4.0,0,0,0.4,12,0,Elias Kachunga,57,Huddersfield,3,252,0,1,0.48,0.18,0.17,0.06
110,30,3,3,60,0,0,0,3.0,0,0,1.5,9,0,Tom Ince,308,Huddersfield,3,270,0,0,0.33,0.12,0.11,0.04
111,3,1,3,55,0,0,0,1.0,0,0,0.1,3,2,Kasey Palmer,166,Huddersfield,3,124,0,0,0.08,0.05,0.06,0.03
112,5,0,3,50,0,0,0,1.0,0,0,0.1,2,0,Danny Williams,331,Huddersfield,2,59,0,0,0.05,0.0,0.07,0.0
113,19,0,4,45,0,0,0,2.0,0,0,4.4,6,0,Collin Quaner,329,Huddersfield,3,37,0,1,0.0,0.13,0.0,0.31
114,47,3,4,61,0,0,0,5.0,0,0,4.9,15,2,Steve Mounie,16,Huddersfield,3,268,2,0,1.38,0.08,0.46,0.03
115,78,1,1,50,0,0,1,5.7,0,13,3.9,17,1,Kasper Schmeichel,182,Leicester,3,270,0,0,0.0,0.0,0.0,0.0
116,41,1,2,45,0,0,0,1.7,0,0,3.0,5,2,Wes Morgan,184,Leicester,3,270,0,0,0.12,0.05,0.04,0.02
117,50,1,2,50,0,0,0,2.3,0,0,3.6,7,0,Christian Fuchs,185,Leicester,3,270,0,0,0.0,0.11,0.0,0.04
118,47,1,2,45,0,0,0,2.3,0,0,4.9,7,0,Danny Simpson,183,Leicester,3,270,0,0,0.0,0.0,0.0,0.0
119,77,1,2,51,0,0,0,6.3,0,0,6.1,19,0,Harry Maguire,41,Leicester,3,270,1,1,0.08,0.56,0.03,0.19
120,57,1,3,85,0,0,0,6.0,0,0,5.0,18,0,Riyad Mahrez,186,Leicester,3,270,0,2,0.46,0.23,0.15,0.08
121,34,1,3,55,0,0,0,3.0,0,0,3.0,9,0,Marc Albrighton,188,Leicester,3,241,0,1,0.11,0.89,0.04,0.33
122,6,0,3,45,0,0,0,1.0,0,0,0.7,1,0,Andy King,200,Leicester,1,29,0,0,0.0,0.04,0.0,0.12
123,14,0,3,54,0,0,0,1.0,0,0,0.6,3,0,Demarai Gray,191,Leicester,3,31,0,0,0.04,0.48,0.1,1.39
124,2,0,3,45,0,0,0,1.0,0,0,0.2,1,0,Daniel Amartey,190,Leicester,1,16,0,0,0.0,0.0,0.0,0.0
125,30,1,3,50,0,0,0,2.3,0,0,0.5,7,0,Wilfred Ndidi,317,Leicester,3,270,0,0,0.02,0.0,0.01,0.0
126,80,1,4,86,0,0,0,5.7,0,0,10.9,17,0,Jamie Vardy,10,Leicester,3,257,2,0,0.92,0.68,0.32,0.24
127,59,1,4,55,0,0,0,4.7,0,0,4.4,14,0,Shinji Okazaki,9,Leicester,3,213,2,0,1.8,0.15,0.76,0.06
128,3,0,4,68,0,0,0,1.0,0,0,0.3,2,0,Islam Slimani,269,Leicester,2,25,0,0,0.42,0.02,1.53,0.08
129,31,1,1,50,0,0,0,3.0,0,2,1.6,6,1,Simon Mignolet,77,Liverpool,2,180,0,0,0.0,0.0,0.0,0.0
130,23,1,1,49,0,0,0,6.0,0,0,0.2,6,0,Loris Karius,53,Liverpool,1,90,0,0,0.0,0.0,0.0,0.0
131,41,1,2,55,0,0,0,2.3,0,0,1.6,7,1,Dejan Lovren,130,Liverpool,3,181,0,0,0.09,0.05,0.05,0.03
132,54,1,2,45,0,0,0,4.0,0,0,1.8,8,0,Alberto Moreno,134,Liverpool,2,180,0,0,0.05,0.12,0.02,0.06
133,77,2,2,45,0,0,0,5.7,0,0,1.3,17,1,Joseph Gomez,248,Liverpool,3,181,0,1,0.0,0.61,0.0,0.3
134,79,2,2,55,0,0,0,4.3,0,0,3.1,13,0,Joel Matip,60,Liverpool,3,270,0,0,0.74,0.04,0.25,0.01
135,32,1,2,45,0,0,0,7.0,0,0,0.5,7,0,Ragnar Klavan,58,Liverpool,1,90,0,0,0.0,0.02,0.0,0.02
136,39,1,2,64,0,0,0,2.7,0,0,5.4,8,0,James Milner,78,Liverpool,3,99,0,0,0.22,0.08,0.2,0.08
137,9,0,2,45,0,0,0,0.0,0,0,2.4,0,1,Trent Alexander-Arnold,292,Liverpool,1,90,0,0,0.0,0.17,0.0,0.17
138,29,2,3,55,0,0,0,2.3,0,0,1.6,7,1,Jordan Henderson,132,Liverpool,3,270,0,0,0.42,0.15,0.14,0.05
139,49,1,3,50,0,0,0,4.0,0,0,7.3,8,0,Emre Can,131,Liverpool,2,176,0,1,0.11,0.94,0.05,0.48
140,83,2,3,96,0,0,0,7.3,0,0,29.4,22,1,Sadio Mané,2,Liverpool,3,256,3,0,1.87,0.21,0.66,0.07
141,4,0,3,44,0,0,0,1.0,0,0,0.2,1,0,Marko Grujic,264,Liverpool,1,4,0,0,0.0,0.03,0.0,0.71
142,39,2,3,70,0,0,0,2.7,0,0,5.1,8,0,Georginio Wijnaldum,197,Liverpool,3,252,0,0,0.35,0.17,0.13,0.06
143,65,1,3,90,0,0,0,7.7,0,0,27.2,23,0,Mohamed Salah,11,Liverpool,3,208,2,1,2.81,0.73,1.22,0.32
144,101,2,4,86,0,0,0,8.7,0,0,27.6,26,0,Roberto Firmino,4,Liverpool,3,257,2,2,1.48,1.56,0.52,0.55
145,38,1,4,80,0,0,0,3.5,0,0,0.6,7,0,Daniel Sturridge,18,Liverpool,2,76,1,0,0.82,0.03,0.97,0.03
146,3,0,4,74,0,0,0,1.0,0,0,0.4,1,0,Divock Origi,76,Liverpool,1,5,0,0,0.0,0.0,0.0,0.0
147,2,0,4,49,0,0,0,1.0,0,0,2.2,1,0,Dominic Solanke,268,Liverpool,1,18,0,0,0.1,0.07,0.48,0.36
148,34,1,2,55,0,0,0,3.0,0,0,5.4,9,0,John Stones,123,Manchester City,3,158,0,0,0.0,0.0,0.0,0.0
149,45,1,2,60,0,0,0,2.7,0,0,5.9,8,2,Vincent Kompany,138,Manchester City,3,270,0,0,0.06,0.0,0.02,0.0
150,62,1,2,55,0,0,0,3.7,0,0,7.6,11,1,Nicolás Otamendi,137,Manchester City,3,270,0,0,0.48,0.0,0.16,0.0
151,29,0,3,79,0,0,0,3.3,1,0,3.1,10,1,Raheem Sterling,6,Manchester City,3,141,2,0,0.44,0.05,0.28,0.03
152,54,1,3,99,0,0,0,2.7,0,0,19.5,8,0,Kevin De Bruyne,65,Manchester City,3,270,0,0,0.28,0.65,0.09,0.22
153,11,0,3,83,0,0,0,1.3,0,0,2.4,4,0,Leroy Sané,61,Manchester City,3,96,0,0,0.0,0.03,0.0,0.03
154,46,1,4,115,0,0,0,4.0,0,0,11.2,12,0,Sergio Agüero,25,Manchester City,3,198,1,0,0.96,1.13,0.44,0.51
155,3,0,4,69,0,0,0,1.0,0,0,1.3,1,0,Kelechi Iheanacho,141,Leicester,1,6,0,0,0.0,0.0,0.0,0.0
156,73,3,1,55,0,0,0,6.3,0,6,34.2,19,0,David de Gea,107,Manchester United,3,270,0,0,0.0,0.0,0.0,0.0
157,88,3,2,51,0,0,0,6.3,0,0,4.7,19,0,Phil Jones,243,Manchester United,3,270,0,0,0.54,0.0,0.18,0.0
158,82,3,2,65,0,0,0,6.7,0,0,9.7,20,1,Antonio Valencia,142,Manchester United,3,270,0,0,0.04,0.11,0.01,0.04
159,47,0,2,45,0,0,0,1.3,0,0,1.8,4,0,Timothy Fosu-Mensah,109,Crystal Palace,3,260,0,0,0.01,0.0,0.0,0.0
160,81,3,2,55,0,0,0,6.0,0,0,3.2,18,0,Daley Blind,108,Manchester United,3,270,0,0,0.12,0.38,0.04,0.13
161,92,3,2,61,0,0,0,8.7,0,0,15.4,26,1,Eric Bailly,44,Manchester United,3,270,1,0,0.97,0.0,0.32,0.0
162,48,3,3,70,0,0,0,3.0,0,0,3.2,9,0,Juan Mata,112,Manchester United,3,221,0,0,0.16,0.82,0.07,0.33
163,27,0,3,49,0,0,0,2.7,0,0,0.5,8,0,Marouane Fellaini,26,Manchester United,3,42,1,0,0.76,0.08,1.63,0.17
164,2,0,3,53,0,0,0,1.0,0,0,2.4,1,0,Ander Herrera,111,Manchester United,1,4,0,0,0.0,0.0,0.0,0.0
165,19,0,3,59,0,0,0,2.5,0,0,0.3,5,0,Jesse Lingard,113,Manchester United,2,14,0,1,0.1,0.76,0.63,4.9
166,66,1,3,80,0,0,0,6.3,0,0,2.3,19,0,Anthony Martial,5,Manchester United,3,100,2,1,0.77,0.45,0.69,0.41
167,106,3,3,83,0,0,0,8.7,0,0,21.0,26,1,Henrikh Mkhitaryan,59,Manchester United,3,250,0,5,0.31,2.24,0.11,0.81
168,78,3,3,82,0,0,0,8.7,0,0,36.1,26,1,Paul Pogba,14,Manchester United,3,270,2,1,1.52,0.48,0.51,0.16
169,48,2,4,75,0,0,0,4.3,0,0,5.4,13,0,Marcus Rashford,22,Manchester United,3,179,1,1,0.84,0.83,0.42,0.42
170,80,3,4,117,0,1,0,6.3,0,0,58.2,19,0,Romelu Lukaku,1,Manchester United,3,270,3,0,3.01,0.4,1.0,0.13
171,55,1,1,40,0,0,0,3.7,0,9,19.5,11,0,Robert Elliot,192,Newcastle United,3,270,0,0,0.0,0.0,0.0,0.0
172,66,1,2,45,0,0,0,6.0,0,0,1.3,18,0,Ciaran Clark,37,Newcastle United,3,270,1,0,0.58,0.47,0.19,0.16
173,44,1,2,45,0,0,0,2.7,0,0,1.3,8,1,Jamaal Lascelles,194,Newcastle United,3,263,0,0,0.0,0.03,0.0,0.01
174,4,0,2,44,0,0,0,1.0,0,0,0.4,1,0,Paul Dummett,225,Newcastle United,1,7,0,0,0.0,0.12,0.0,1.54
175,4,0,2,44,0,0,0,1.0,0,0,0.3,1,0,Florian Lejeune,314,Newcastle United,1,33,0,0,0.0,0.0,0.0,0.0
176,43,1,3,59,0,0,0,2.7,0,0,2.5,8,2,Matt Ritchie,70,Newcastle United,3,270,0,1,0.28,0.61,0.09,0.2
177,-3,0,3,54,0,0,0,-2.0,1,0,0.7,-2,0,Jonjo Shelvey,195,Newcastle United,1,51,0,0,0.0,0.0,0.0,0.0
178,8,0,3,49,0,0,0,1.0,0,0,0.2,2,0,Mohamed Diamé,310,Newcastle United,2,15,0,0,0.0,0.04,0.0,0.24
179,22,1,3,50,0,0,0,3.3,0,0,3.1,10,0,Christian Atsu,296,Newcastle United,3,270,0,1,0.47,0.71,0.16,0.24
180,4,0,4,64,0,0,0,1.5,0,0,1.4,3,0,Dwight Gayle,181,Newcastle United,2,132,0,0,0.33,0.0,0.23,0.0
181,20,1,4,55,0,0,0,3.0,0,0,1.1,9,0,Ayoze Pérez,196,Newcastle United,3,261,0,1,0.64,1.02,0.22,0.35
182,25,0,4,49,0,0,0,5.0,0,0,1.8,5,0,Aleksandar Mitrovic,31,Newcastle United,1,12,1,0,1.23,0.2,9.21,1.52
183,66,2,1,50,0,0,0,6.7,0,12,7.3,20,0,Fraser Forster,214,Southampton,3,270,0,0,0.0,0.0,0.0,0.0
184,63,2,2,55,0,0,0,5.0,0,0,15.6,15,0,Ryan Bertrand,217,Southampton,3,267,0,0,0.32,0.76,0.11,0.25
185,71,2,2,50,0,0,0,5.7,0,0,2.5,17,0,Maya Yoshida,222,Southampton,3,270,0,0,0.39,0.0,0.13,0.0
186,70,2,2,50,0,0,0,4.7,0,0,0.9,14,0,Jack Stephens,283,Southampton,3,270,0,0,0.08,0.1,0.03,0.03
187,5,0,2,45,0,0,0,1.0,0,0,0.1,2,0,Sam McQueen,281,Southampton,2,18,0,0,0.0,0.02,0.0,0.08
188,65,2,3,50,0,0,0,3.7,0,0,1.0,11,0,Steven Davis,234,Southampton,3,263,0,0,0.18,0.42,0.06,0.14
189,17,1,3,54,0,0,0,1.7,0,0,1.8,5,0,James Ward-Prowse,221,Southampton,3,112,0,0,0.37,0.13,0.3,0.1
190,45,2,3,65,0,0,0,4.0,0,0,4.6,12,1,Dusan Tadic,32,Southampton,3,255,1,0,1.53,0.35,0.54,0.12
191,8,0,3,59,0,0,0,1.0,0,0,0.1,1,0,Sofiane Boufal,282,Southampton,1,18,0,0,0.02,0.0,0.08,0.0
192,26,2,3,65,0,0,0,3.3,0,0,6.8,10,1,Nathan Redmond,202,Southampton,3,270,0,1,0.71,0.59,0.24,0.2
193,12,0,4,58,0,0,0,1.0,0,0,0.5,2,0,Shane Long,219,Southampton,2,32,0,0,0.0,0.38,0.0,1.08
194,31,0,4,64,0,0,0,4.0,0,0,1.0,8,0,Charlie Austin,34,Southampton,2,27,1,0,0.85,0.0,2.82,0.0
195,35,2,4,70,0,0,0,3.7,0,0,5.6,11,0,Manolo Gabbiadini,38,Southampton,3,225,1,0,0.49,0.02,0.2,0.01
196,60,1,1,50,0,0,0,5.3,0,10,3.9,16,0,Jack Butland,226,Stoke,3,270,0,0,0.0,0.0,0.0,0.0
197,45,1,2,50,0,0,0,3.3,0,0,1.8,10,0,Ryan Shawcross,236,Stoke,3,270,0,0,0.25,0.12,0.08,0.04
198,42,1,2,45,0,0,0,3.3,0,0,0.7,10,0,Geoff Cameron,227,Stoke,3,250,0,0,0.05,0.02,0.02,0.01
199,40,1,2,50,0,0,0,3.0,0,0,0.9,9,1,Erik Pieters,237,Stoke,3,270,0,0,0.0,0.06,0.0,0.02
200,28,1,3,54,0,0,0,1.7,0,0,3.3,5,2,Joe Allen,74,Stoke,3,270,0,0,0.03,0.06,0.01,0.02
201,-1,0,3,69,0,0,0,0.0,1,0,0.9,0,0,Marko Arnautovic,229,West Ham,2,122,0,0,0.19,0.4,0.14,0.29
202,23,0,3,59,0,0,0,1.7,0,0,2.3,5,0,Xherdan Shaqiri,238,Stoke,3,204,0,0,0.06,0.29,0.03,0.13
203,18,0,3,49,0,0,0,2.5,0,0,0.7,5,0,Ramadan Sobhi,291,Stoke,2,37,0,0,0.0,0.03,0.0,0.07
204,42,1,3,50,0,0,0,2.3,0,0,0.9,7,0,Darren Fletcher,207,Stoke,3,270,0,0,0.05,0.19,0.02,0.06
205,28,0,4,49,0,0,0,4.0,0,0,1.8,8,0,Peter Crouch,36,Stoke,2,44,1,0,0.46,0.07,0.94,0.15
206,16,1,4,54,0,0,0,2.0,0,0,0.3,4,0,Mame Biram Diouf,230,Stoke,2,180,0,0,0.11,0.07,0.06,0.03
207,17,1,4,60,0,0,0,3.5,0,0,0.6,7,0,Saido Berahino,208,Stoke,2,139,0,1,0.08,0.15,0.05,0.1
208,67,2,1,45,0,0,0,4.7,0,9,4.1,14,0,Lukasz Fabianski,167,Swansea,3,270,0,0,0.0,0.0,0.0,0.0
209,80,2,2,45,0,0,0,6.3,0,0,3.0,19,0,Kyle Naughton,175,Swansea,3,270,0,1,0.0,0.08,0.0,0.03
210,3,0,2,40,0,0,0,1.0,0,0,16.0,1,0,Angel Rangel,168,Swansea,1,1,0,0,0.0,0.0,0.0,0.0
211,69,2,2,45,0,0,0,5.0,0,0,2.4,15,0,Federico Fernández,169,Swansea,3,270,0,0,0.0,0.0,0.0,0.0
212,29,1,2,45,0,0,0,7.0,0,0,0.1,7,0,Mike van der Hoorn,275,Swansea,1,73,0,0,0.01,0.0,0.02,0.0
213,58,2,2,50,0,0,0,4.0,0,0,1.1,12,0,Alfie Mawson,279,Swansea,3,270,0,0,0.12,0.0,0.04,0.0
214,55,2,2,50,0,0,0,4.0,0,0,0.3,12,0,Martin Olsson,203,Swansea,3,270,0,0,0.0,0.0,0.0,0.0
215,19,0,3,84,0,0,0,1.5,0,0,5.2,3,0,Gylfi Sigurdsson,174,Everton,2,117,0,0,0.02,0.05,0.02,0.03
216,10,1,3,55,0,0,0,1.7,0,0,0.1,5,0,Wayne Routledge,176,Swansea,3,126,0,0,0.0,0.11,0.0,0.08
217,6,1,3,45,0,0,0,3.0,0,0,0.2,3,0,Leon Britton,213,Swansea,1,75,0,0,0.0,0.0,0.0,0.0
218,-2,0,3,45,0,0,0,0.0,0,0,0.0,0,1,Jay Fulton,239,Swansea,1,15,0,0,0.0,0.0,0.0,0.0
219,34,2,3,55,0,0,0,3.0,0,0,0.6,9,2,Leroy Fer,171,Swansea,3,270,0,1,0.08,0.33,0.03,0.11
220,40,2,3,45,0,0,0,2.7,0,0,6.2,8,0,Tom Carroll,153,Swansea,3,270,0,0,0.0,0.39,0.0,0.13
221,2,0,3,49,0,0,0,1.0,0,0,0.1,1,0,Luciano Narsingh,320,Swansea,1,22,0,0,0.0,0.0,0.0,0.0
222,10,0,3,45,0,0,0,2.0,0,0,0.5,2,0,Roque Mesa,297,Swansea,1,68,0,0,0.0,0.0,0.0,0.0
223,9,0,4,45,0,0,0,1.0,0,0,1.9,3,0,Oliver McBurnie,284,Swansea,3,18,0,0,0.0,0.0,0.0,0.0
224,35,2,4,50,0,0,0,3.3,0,0,2.2,10,0,Jordan Ayew,28,Swansea,3,270,1,0,0.21,0.0,0.07,0.0
225,36,2,4,55,0,0,0,4.0,0,0,3.0,12,0,Tammy Abraham,30,Swansea,3,247,1,0,0.75,0.1,0.27,0.04
226,51,1,1,55,0,0,0,3.3,0,5,13.6,10,0,Hugo Lloris,144,Tottenham,3,270,0,0,0.0,0.0,0.0,0.0
227,59,1,2,60,0,0,0,3.0,0,0,14.7,9,1,Toby Alderweireld,146,Tottenham,3,270,0,0,0.07,0.02,0.02,0.01
228,17,1,2,65,0,0,0,2.0,1,0,12.8,4,0,Kyle Walker,145,Manchester City,2,133,0,0,0.0,0.03,0.0,0.02
229,60,1,2,60,0,0,0,2.7,0,0,8.6,8,1,Jan Vertonghen,147,Tottenham,3,270,0,0,0.04,0.02,0.01,0.01
230,71,1,2,56,0,0,0,6.0,0,0,12.5,18,1,Ben Davies,27,Tottenham,3,263,1,0,0.28,0.65,0.1,0.22
231,33,0,2,54,0,0,0,1.5,0,0,2.7,3,0,Kieran Trippier,152,Tottenham,2,180,0,0,0.0,0.03,0.0,0.01
232,35,1,3,50,0,0,0,2.0,0,0,3.7,6,1,Eric Dier,149,Tottenham,3,251,0,0,0.13,0.1,0.05,0.04
233,56,1,3,50,0,0,0,2.3,0,0,3.5,7,0,Mousa Dembélé,148,Tottenham,3,270,0,0,0.12,0.09,0.04,0.03
234,80,2,3,96,0,0,0,7.3,0,0,21.8,22,0,Christian Eriksen,150,Tottenham,3,269,0,2,0.42,1.21,0.14,0.41
235,14,0,3,50,0,0,0,1.5,0,0,0.8,3,0,Victor Wanyama,218,Tottenham,2,95,0,0,0.05,0.09,0.05,0.08
236,8,0,3,49,0,0,0,1.0,0,0,0.1,2,0,Harry Winks,246,Tottenham,2,2,0,0,0.0,0.0,0.0,0.0
237,13,0,3,55,0,0,0,1.0,0,0,0.3,3,0,Moussa Sissoko,198,Tottenham,3,87,0,0,0.14,0.09,0.14,0.09
238,-2,1,4,125,0,0,0,1.3,0,0,27.1,4,2,Harry Kane,151,Tottenham,3,270,0,0,2.55,0.23,0.85,0.08
239,2,0,4,74,0,0,0,1.0,0,0,0.2,1,0,Vincent Janssen,280,Tottenham,1,1,0,0,0.0,0.0,0.0,0.0
240,62,2,1,45,0,0,0,4.7,0,6,1.9,14,0,Heurelho Gomes,114,Watford,3,270,0,0,0.0,0.0,0.0,0.0
241,14,0,2,45,0,0,0,1.0,0,0,0.3,1,0,Younes Kaboul,179,Watford,1,90,0,0,0.0,0.0,0.0,0.0
242,4,0,2,45,0,0,0,1.0,0,0,0.0,1,0,Craig Cathcart,122,Watford,1,23,0,0,0.0,0.0,0.0,0.0
243,48,2,2,45,0,0,0,6.0,0,0,0.5,12,0,Sebastian Prödl,116,Watford,2,180,0,0,0.0,0.01,0.0,0.0
244,45,1,2,50,0,0,0,5.0,0,0,0.7,10,0,José Holebas,117,Watford,2,180,0,1,0.03,0.7,0.02,0.35
245,40,1,2,45,0,0,0,3.3,1,0,2.4,10,1,Miguel Britos,23,Watford,3,203,1,0,0.81,0.0,0.36,0.0
246,27,1,2,45,0,0,0,3.5,0,0,0.0,7,0,Christian Kabasele,278,Watford,2,95,0,0,0.0,0.02,0.0,0.02
247,4,0,2,49,0,0,0,1.0,0,0,0.2,1,0,Daryl Janmaat,193,Watford,1,17,0,0,0.0,0.0,0.0,0.0
248,39,2,3,50,0,0,0,2.7,0,0,0.3,8,0,Tom Cleverley,129,Watford,3,270,0,0,0.13,0.17,0.04,0.06
249,21,0,3,54,0,0,0,6.0,0,0,5.1,6,0,Etienne Capoue,24,Watford,1,7,1,0,0.02,0.02,0.21,0.27
250,11,1,3,50,0,0,0,2.0,0,0,0.2,6,0,Nordin Amrabat,120,Watford,3,202,0,0,0.02,0.11,0.01,0.05
251,64,2,3,51,0,0,0,5.0,0,0,4.7,15,0,Abdoulaye Doucouré,42,Watford,3,270,1,0,0.74,0.07,0.25,0.02
252,4,0,3,59,0,0,0,1.0,0,0,0.1,1,0,Roberto Pereyra,277,Watford,1,53,0,0,0.11,0.0,0.18,0.0
253,3,0,4,65,0,0,0,1.0,0,0,0.5,1,0,Troy Deeney,119,Watford,1,4,0,0,0.0,0.0,0.0,0.0
254,26,0,4,55,0,0,0,7.0,0,0,0.9,7,0,Stefano Okaka,45,Watford,1,67,1,0,0.53,0.11,0.71,0.14
255,54,2,1,45,0,0,0,5.0,0,3,17.9,15,0,Ben Foster,204,West Bromwich Albion,3,270,0,0,0.0,0.0,0.0,0.0
256,54,2,2,50,0,0,0,5.0,0,0,6.0,15,0,Craig Dawson,205,West Bromwich Albion,3,270,0,0,0.13,0.0,0.04,0.0
257,31,2,3,50,0,0,0,2.7,0,0,0.3,8,0,Jake Livermore,272,West Bromwich Albion,3,270,0,0,0.05,0.26,0.02,0.09
258,5,1,3,55,0,0,0,3.0,0,0,0.0,3,0,James Morrison,249,West Bromwich Albion,1,71,0,0,0.07,0.0,0.09,0.0
259,6,1,3,45,0,0,0,1.5,0,0,0.3,3,1,Claudio Yacob,206,West Bromwich Albion,2,109,0,0,0.2,0.0,0.17,0.0
260,20,2,3,50,0,0,0,2.3,0,0,0.2,7,0,James McClean,210,West Bromwich Albion,3,169,0,0,0.14,0.13,0.07,0.07
261,35,3,3,60,0,0,0,4.0,0,0,2.7,12,0,Matt Phillips,285,West Bromwich Albion,3,238,0,1,0.06,0.49,0.02,0.19
262,12,2,3,45,0,0,0,3.0,0,0,0.3,6,0,Sam Field,250,West Bromwich Albion,2,158,0,0,0.0,0.0,0.0,0.0
263,59,2,3,55,0,0,0,4.7,0,0,2.1,14,0,Chris Brunt,240,West Bromwich Albion,3,270,0,1,0.07,0.76,0.02,0.25
264,2,0,4,63,0,0,0,1.0,0,0,1.0,3,1,Salomón Rondón,209,West Bromwich Albion,3,94,0,0,0.27,0.0,0.26,0.0
265,17,0,4,49,0,0,0,1.5,1,0,0.5,3,1,Hal Robson-Kanu,43,West Bromwich Albion,2,37,1,0,0.34,0.0,0.84,0.0
266,16,2,4,59,0,0,0,2.7,0,0,1.9,8,2,Jay Rodriguez,33,West Bromwich Albion,3,268,1,0,0.84,0.24,0.28,0.08
267,12,0,2,45,0,0,0,1.0,0,0,0.3,1,0,James Collins,154,West Ham,1,90,0,0,0.0,0.0,0.0,0.0
268,19,0,2,49,0,0,0,0.0,0,0,1.0,0,0,Winston Reid,98,West Ham,1,90,0,0,0.0,0.0,0.0,0.0
269,30,0,2,50,0,0,0,0.7,0,0,0.6,2,0,Aaron Cresswell,103,West Ham,3,188,0,0,0.09,0.16,0.04,0.08
270,34,0,2,45,0,0,0,0.3,0,0,1.0,1,1,Angelo Ogbonna,97,West Ham,3,270,0,0,0.0,0.0,0.0,0.0
271,14,0,2,45,0,0,0,1.0,0,0,0.3,1,0,Arthur Masuaku,290,West Ham,1,82,0,0,0.0,0.0,0.0,0.0
272,36,0,2,49,0,0,0,0.0,0,0,2.7,0,2,Pablo Zabaleta,136,West Ham,3,270,0,0,0.0,0.03,0.0,0.01
273,28,0,3,70,0,0,0,2.0,0,0,1.7,6,0,André Ayew,173,West Ham,3,237,0,0,0.07,0.0,0.03,0.0
274,39,0,3,55,0,0,0,2.0,0,0,0.3,6,0,Mark Noble,102,West Ham,3,229,0,0,0.03,0.19,0.01,0.08
275,2,0,3,50,0,0,0,1.0,0,0,0.0,1,0,Cheikhou Kouyaté,101,West Ham,1,13,0,0,0.0,0.0,0.0,0.0
276,34,0,3,45,0,0,0,1.5,0,0,0.8,3,0,Pedro Obiang,106,West Ham,2,101,0,0,0.0,0.03,0.0,0.02
277,5,0,3,69,0,0,0,1.0,0,0,0.9,1,0,Manuel Lanzini,104,West Ham,1,38,0,0,0.04,0.0,0.08,0.0
278,17,0,3,75,0,0,0,3.5,0,0,0.5,7,0,Michail Antonio,100,West Ham,2,161,0,0,0.17,0.23,0.09,0.13
279,15,0,3,45,0,0,0,1.0,0,0,0.3,3,1,Edimilson Fernandes,265,West Ham,3,170,0,0,0.11,0.03,0.06,0.02
280,7,0,4,55,0,0,0,1.7,0,0,0.2,5,1,Diafra Sakho,155,West Ham,3,62,0,0,0.42,0.0,0.61,0.0
281,51,1,2,45,0,0,0,3.0,0,0,0.7,9,0,Markus Suttner,64,Brighton,3,270,0,0,0.02,0.02,0.01,0.01
282,8,0,3,50,0,0,0,1.5,0,0,0.6,3,0,Tiemoué Bakayoko,301,Chelsea,2,103,0,0,0.07,0.0,0.06,0.0
283,4,0,2,44,0,0,0,0.0,0,0,0.4,0,1,Cuco Martina,215,Everton,1,43,0,0,0.0,0.05,0.0,0.1
284,29,0,2,55,0,0,0,1.3,0,0,0.2,4,0,Andreas Christensen,54,Chelsea,3,164,0,0,0.0,0.03,0.0,0.01
285,3,0,3,49,0,0,0,1.0,0,0,0.1,1,0,Charly Musonda,294,Chelsea,1,1,0,0,0.0,0.0,0.0,0.0
286,70,2,4,101,0,0,0,8.0,0,0,12.2,24,0,Álvaro Morata,15,Chelsea,3,190,2,2,1.44,0.62,0.68,0.3
287,35,1,2,49,0,0,0,9.0,0,0,2.2,9,0,Andrew Robertson,271,Liverpool,1,90,0,0,0.07,1.22,0.07,1.22
288,46,1,2,45,0,0,0,3.0,0,0,1.1,9,0,Javier Manquillo,276,Newcastle United,3,270,0,0,0.02,0.38,0.01,0.13
289,48,0,1,45,0,0,0,1.0,0,9,10.8,3,0,Joe Hart,135,West Ham,3,270,0,0,0.0,0.0,0.0,0.0
290,4,0,3,54,0,0,0,1.0,0,0,0.0,1,0,Isaiah Brown,311,Brighton,1,23,0,0,0.0,0.0,0.0,0.0
291,19,0,2,49,0,0,0,1.0,0,0,0.2,1,0,Jairo Riedewald,323,Crystal Palace,1,90,0,0,0.0,0.0,0.0,0.0
292,11,0,2,65,0,0,0,1.0,0,0,0.5,1,1,Benjamin Mendy,300,Manchester City,1,90,0,0,0.0,0.2,0.0,0.2
293,18,0,2,45,0,0,0,1.5,0,0,0.1,3,0,Kyle Bartley,244,Swansea,2,76,0,0,0.06,0.0,0.07,0.0
294,4,0,3,45,0,0,0,1.0,0,0,0.1,1,0,Ben Watson,118,Watford,1,1,0,0,0.0,0.0,0.0,0.0
295,38,1,3,55,0,0,0,2.3,0,0,0.1,7,0,Davy Pröpper,338,Brighton,3,270,0,0,0.07,0.01,0.02,0.0
296,52,1,2,40,0,0,0,3.7,0,0,7.4,11,0,Chancel Mbemba,224,Newcastle United,3,237,0,0,0.0,0.02,0.0,0.01
297,30,1,3,50,0,0,0,1.7,0,0,0.1,5,1,Mikel Merino,316,Newcastle United,3,191,0,0,0.02,0.33,0.01,0.15
298,11,1,3,55,0,0,0,2.0,0,0,0.2,6,0,Eric Maxim Choupo-Moting,62,Stoke,3,197,0,0,0.33,0.12,0.15,0.05
299,29,1,2,45,0,0,0,6.0,0,0,1.8,6,0,Kyle Walker-Peters,235,Tottenham,1,90,0,0,0.0,0.11,0.0,0.11
300,24,1,3,50,0,0,0,2.5,0,0,0.2,5,0,Mario Lemina,254,Southampton,2,133,0,0,0.01,0.07,0.01,0.04
301,6,0,3,45,0,0,0,1.0,0,0,0.0,1,0,Rekeem Harper,322,West Bromwich Albion,1,19,0,0,0.0,0.05,0.0,0.23
302,1,0,3,60,0,0,0,1.0,0,0,0.0,1,0,Jeremie Boga,303,Chelsea,1,17,0,0,0.0,0.0,0.0,0.0
303,22,0,2,45,0,0,0,0.7,0,0,0.0,2,0,Declan Rice,319,West Ham,3,159,0,0,0.0,0.0,0.0,0.0
304,22,0,2,50,0,0,0,1.5,0,0,0.0,3,0,Bruno Martins Indi,286,Stoke,2,91,0,0,0.12,0.02,0.12,0.02
305,5,0,3,45,0,0,0,1.0,0,0,0.0,1,0,Sullay Kaikai,253,Crystal Palace,1,12,0,0,0.0,0.0,0.0,0.0
306,22,0,4,65,0,0,0,6.0,0,0,0.3,6,0,Chris Wood,49,Burnley,1,32,1,0,0.23,0.0,0.64,0.0
307,15,1,3,50,0,0,0,3.0,0,0,0.0,3,0,Sam Clucas,273,Swansea,1,90,0,0,0.0,0.0,0.0,0.0
308,3,0,3,55,0,0,0,1.0,0,0,0.0,1,0,Oliver Burke,315,West Bromwich Albion,1,1,0,0,0.0,0.03,0.0,2.45
